NOMBRE,ASIGNACIÓN,COMPLEMENTO,GASTO DE REPRESENTACIÓN,GASTO DE LIBRE DISPOSICIÓN,PORTAVOCES (PORTAVOCES+ADJUNTOS),COMISIONES,INDEMNIZACIÓN,TOTAL MES,TOTAL AÑO,PROVINCIA,SEXO,Madrid,MP,MV,MS,GPO,GPA,CP,CV,CS,CPO,CPA,
"Abad Pérez, Juan Antonio",2813.87,0,0,0,0,697.65,1823.86,5335.38,74695.32,La Rioja,M,,,,,,,,,x,,,
"Ábalos Meco, José Luis",2813.87,0,0,662.45,1424.62,697.65,1823.86,7422.45,103914.3,Valencia,M,,,,,,x,,,x,,,Portavoz sustituto Junta Portavoces / Secretario Segundo Comisión
"Agirretxea Urresti, Joseba Andoni",2813.87,0,0,0,0,1046.48,1823.86,5684.21,79578.94,Gipuzkoa,M,,,,,,,,,,x,,
"Aguiar Rodríguez, Ernesto",2813.87,0,0,0,0,1046.48,1823.86,5684.21,79578.94,Santa Cruz de Tenerife,M,,,,,,,,,,x,,
"Aguilar Rivero, Rosa",2813.87,0,0,0,0,1046.48,1823.86,5684.21,79578.94,Córdoba,F,,,,,,,,,,x,,
"Albendea Pabón, Juan Manuel",2813.87,0,0,0,0,1431.31,1823.86,6069.04,84966.56,Sevilla,M,,,,,,,x,,,,,
"Alberto Pérez, Celia",2813.87,0,0,0,0,697.65,1823.86,5335.38,74695.32,Las Palmas,F,,,,,,,,,,,x,
"Alegría Continente, María Pilar",2813.87,0,0,0,0,1046.48,1823.86,5684.21,79578.94,Zaragoza,F,,,,,,,,x,,,,
"Alonso Aranegui, Alfonso",2813.87,0,0,0,2667.5,0,1823.86,7305.23,102273.22,Álava,M,,,,,x,,,,,,,
"Alonso Núñez, Alejandro",2813.87,0,0,0,0,1046.48,1823.86,5684.21,79578.94,Toledo,M,,,,,,,,,,x,,
"Alonso Ruiz, José María",2813.87,0,0,0,0,697.65,1823.86,5335.38,74695.32,Cantabria,F,,,,,,,,,x,,,
"Álvarez Álvarez, Ángeles",2813.87,0,0,0,0,1046.48,870.56,4730.91,66232.74,Madrid,F,x,,,,,,,,,x,,
"Álvarez-Arenas Cisneros, María del Carmen",2813.87,0,0,0,0,1046.48,870.56,4730.91,66232.74,Madrid,F,x,,,,,,,,,x,,
"Álvarez de Toledo Peralta Ramos, Cayetana",2813.87,0,0,0,0,1046.48,870.56,4730.91,66232.74,Madrid,F,x,,,,,,,x,,,,
"Álvarez Sostres, Enrique",2813.87,0,0,0,0,1046.48,1823.86,5684.21,79578.94,Asturias,M,,,,,,,,,,x,x,
"Anchuelo Crego, Álvaro",2813.87,0,0,0,0,1046.48,870.56,4730.91,66232.74,Madrid,M,x,,,,,,,,,x,,
"Angulo Romero, María Teresa",2813.87,0,0,0,0,1046.48,1823.86,5684.21,79578.94,Badajoz,F,,,,,,,,x,,,,
"Aragonés Mendiguchía, Carlos",2813.87,0,0,0,0,1431.31,870.56,5115.74,71620.36,Madrid,M,x,,,,,,x,,,,,
"Araújo Gil, Rogelio",2813.87,0,0,0,0,697.65,1823.86,5335.38,74695.32,Illes Balears,M,,,,,,,,,x,,,
"Ares Martínez-Fortún, María de la O",2813.87,0,0,0,0,697.65,1823.86,5335.38,74695.32,Illes Balears ,F,,,,,,,,,x,,,
"Ariztegui Larrañaga, Maite",2813.87,0,0,0,0,1046.48,1823.86,5684.21,79578.94,Gipuzkoa,F,,,,,,,,,,x,x,
"Asian González, Matilde Pastora",2813.87,0,0,0,2087.07,0,1823.86,6724.8,94147.2,Las Palmas,F,,,,,,x,,,,,,Portavoz Sustituto de la Junta de Portavoces
"Ayala Sánchez, Andrés José",2813.87,,,,,1046.48,1823.86,5684.21,79578.94,Murcia,M,,,,,,,,,,x,,
"Ayllón Manso, José Luis",2813.87,0,0,0,0,0,1823.86,4637.73,64928.22,Barcelona,M,,,,,,,,,,,,
"Azpiazu Uriarte, Pedro María",2813.87,0,0,0,2087.07,1046.48,1823.86,7771.28,108797.92,Bizkaia,M,,,,,,x,,,,x,,Portavoz Sustituto de la Junta de Portavoces
"Azpiroz Villar, José Eugenio",2813.87,0,0,0,0,1431.31,1823.86,6069.04,84966.56,Gipuzkoa,M,,,,,,,x,,,,,
"Baena Azuaga, María del Mar",2813.87,0,0,0,0,697.65,1823.86,5335.38,74695.32,Málaga,F,,,,,,,,,,,x,
"Bajo Prieto, María Luz",2813.87,0,0,0,0,1046.48,870.56,4730.91,66232.74,Madrid,F,x,,,,,,,,,x,,
"Baldoví Roda, Joan",2813.87,0,0,0,0,1046.48,1823.86,5684.21,79578.94,Valencia,M,,,,,,,,,,x,x,
"Barberà i Montserrat, Martí",2813.87,0,0,0,0,1046.48,1823.86,5684.21,79578.94,Tarragona,M,,,,,,,,,,x,,
"Barkos Berruezo, Uxue",2813.87,0,0,926.31,1741.19,1046.48,1823.86,8351.71,116923.94,Navarra,F,,,,,x,,,,,x,x,
"Barreda de los Ríos, Leopoldo",2813.87,0,0,662.45,1424.62,0,1823.86,6724.8,94147.2,Bizkaia,M,,,,,,x,,,,,,Portavoz Sustituto de la Junta de Portavoces
"Barreda Fontes, José María",2813.87,0,0,0,0,1431.31,1823.86,6069.04,84966.56,Ciudad Real,M,,,,,,,x,,,,,
"Barreiro Álvarez, Pilar",2813.87,0,0,0,0,1046.48,1823.86,5684.21,79578.94,Murcia,F,,,,,,,,x,,,,
"Barrero López, Jaime Javier",2813.87,1209.6,1010.83,707.1,0,1046.48,1823.86,8611.74,120564.36,Huelva,M,,,x,,,,,x,,,,
"Batet Lamaña, Meritxell",2813.87,0,0,0,0,1046.48,1823.86,5684.21,79578.94,Barcelona,F,,,,,,,,,,x,,
"Bedera Bravo, Mario",2813.87,0,0,0,0,1046.48,1823.86,5684.21,79578.94,Valladolid,M,,,,,,,,,,x,,
"Benegas Haddad, José María",2813.87,0,0,0,0,1046.48,1823.86,5684.21,79578.94,Bizkaia,M,,,,,,,,x,,,,
"Beneyto Pérez, José María",2813.87,0,0,0,0,1046.48,1823.86,5684.21,79578.94,Cuenca,M,,,,,,,,,,x,,
"Bermúdez de Castro Fernández, José Antonio",2813.87,0,0,662.45,1424.62,0,1823.86,6724.8,94147.2,Salamanca,M,,,,,,x,,,,,,Portavoz Sustituto de la Junta de Portavoces
"Bertomeu Bertomeu, Juan",2813.87,0,0,,,697.65,1823.86,5335.38,74695.32,Tarragona,M,,,,,,,,,,,x,
"Blanco Terán, Rosa Delia",2813.87,0,0,0,0,1046.48,870.56,4730.91,66232.74,Madrid,F,x,,,,,,,x,,,,
"Blanquer Alcaraz, Patricia",2813.87,0,0,0,0,1046.48,1823.86,5684.21,79578.94,Alicante,F,,,,,,,,,,x,,
"Blasco Soto, Miriam Guadalupe",2813.87,0,0,0,0,1046.48,1823.86,5684.21,79578.94,Alicante,F,,,,,,,,,,x,,
"Bolarín Sánchez, María Dolores",2813.87,0,0,0,0,697.65,1823.86,5335.38,74695.32,Murcia,F,,,,,,,,,,,x,
"Bonilla Domínguez, María Jesús",2813.87,0,0,0,0,1046.48,1823.86,5684.21,79578.94,Cuenca,F,,,,,,,,x,,,,
"Bosch i Pascual, Alfred",2813.87,0,0,0,,1046.48,1823.86,5684.21,79578.94,Barcelona,M,,,,,,,,,,x,,
"Bravo Ibáñez, Mª Concepción",2813.87,0,0,0,0,1046.48,1823.86,5684.21,79578.94,La Rioja,F,,,,,,,,,,x,,
"Buyolo García, Federico",2813.87,0,0,0,0,697.65,1823.86,5335.38,74695.32,Alicante,M,,,,,,,,,,,x,
"Cabello de Alba Hernández, Federico",2813.87,,,,,697.65,1823.86,5335.38,74695.32,Córdoba,M,,,,,,,,,x,,,
"Cabrera García, Francisco Domingo",2813.87,,,,,697.65,1823.86,5335.38,74695.32,Las Palmas,M,,,,,,,,,,,x,
"Caicedo Bernabé, Jesús",2813.87,,,,,1046.48,1823.86,5684.21,79578.94,Almería,M,,,,,,,,x,,,,
"Caldera Sánchez-Capitán, Jesús",2813.87,,,,,1046.48,1823.86,5684.21,79578.94,Salamanca,M,,,,,,,,x,,,,
"Campos Arteseros, Herick Manuel",2813.87,,,,,697.65,1823.86,5335.38,74695.32,Alicante,M,,,,,,,,,,,x,
"Camps Devesa, Gerardo",2813.87,,,,,1431.31,1823.86,6069.04,84966.56,Alicante,M,,,,,,,x,,,,,
"Campuzano i Canadés, Carles",2813.87,,,,,1046.48,1823.86,5684.21,79578.94,Barcelona,M,,,,,,,,,,x,x,
"Candón Adán, Alfonso",2813.87,,,,,697.65,1823.86,5335.38,74695.32,Cádiz,M,,,,,,,,,,,x,
"Canongia Gerona, Joan",2813.87,,,,,697.65,1823.86,5335.38,74695.32,Barcelona,M,,,,,,,,,x,,,
"Cantó García del Moral, Antonio",2813.87,,,,,1046.48,1823.86,5684.21,79578.94,Valencia,M,,,,,,,,,,x,,
"Carcedo Roces, María Luisa",2813.87,,,,,1046.48,1823.86,5684.21,79578.94,Asturias,F,,,,,,,,,,x,,
"Carreño Fernández, María Ascensión",2813.87,,,,,697.65,1823.86,5335.38,74695.32,Murcia,F,,,,,,,,,,,x,
"Casado Blanco, Pablo",2813.87,,,,,1046.48,1823.86,5684.21,79578.94,Ávila,M,,,,,,,,,,x,,
"Castellano Ramón, Helena",2813.87,,,,,697.65,1823.86,5335.38,74695.32,León,F,,,,,,,,,x,,,
"Castillo Calvín, José Miguel",2813.87,,,,,1046.48,1823.86,5684.21,79578.94,Granada,M,,,,,,,,,,x,,
"Cediel Martínez, María Virtudes",2813.87,,,,,697.65,870.56,4382.08,61349.12,Madrid,F,x,,,,,,,,,,x,
"Centella Gómez, José Luis",2813.87,,1424.62,662.45,,1046.48,1823.86,7771.28,108797.92,Sevilla,M,,,,,,x,,,,x,x,Portavoz Sustituto de la Junta de Portavoces
"Chaves González, Manuel María",2813.87,,,,,1431.31,1823.86,6069.04,84966.56,Cádiz,M,,,,,,,x,,,,,
"Cid Muñoz, Margarita del Carmen del",2813.87,,,,,697.65,1823.86,5335.38,74695.32,Málaga,F,,,,,,,,,,,x,Diputada sustituida por Jesús Ignacio Vázquez García
"Císcar Casabán, Ciprià",2813.87,,,,,1046.48,1823.86,5684.21,79578.94,Valencia,M,,,,,,,,,,x,,
"Ciuró i Buldó, Lourdes",2813.87,,,,,1046.48,1823.86,5684.21,79578.94,Barcelona,F,,,,,,,,,,x,x,
"Cobaleda Hernández, María Teresa",2813.87,,,,,697.65,1823.86,5335.38,74695.32,Salamanca,F,,,,,,,,,,,x,
"Cobos Trallero, Sara",2813.87,,,,,697.65,1823.86,5335.38,74695.32,Zaragoza,F,,,,,,,,,x,,,
"Collarte Rodríguez, Guillermo",2813.87,,,,,697.65,1823.86,5335.38,74695.32,Ourense,M,,,,,,,,,,,x,
"Conde Bajén, Agustín",2813.87,,,,,1431.31,1823.86,6069.04,84966.56,Toledo,M,,,,,,,x,,,,,
"Conde Martínez, Gema",2813.87,,,,,697.65,1823.86,5335.38,74695.32,Burgos,F,,,,,,,,,x,,,
"Corcuera Plaza, Juan Carlos",2813.87,,,,,1046.48,1823.86,5684.21,79578.94,Barcelona,M,,,,,,,,,x,x,,
"Cortés Bureta, Pilar",2813.87,,,,,697.65,1823.86,5335.38,74695.32,Zaragoza,F,,,,,,,,,,,x,
"Cortés Martín, Miguel Ángel",2813.87,,,,,1431.31,1823.86,6069.04,84966.56,Valladolid,M,,,,,,,x,,,,,
"Cortizo Nieto, Miguel Ángel",2813.87,,,,,1046.48,1823.86,5684.21,79578.94,A Coruña,M,,,,,,,,x,,,,
"Coscubiela Conesa, Joan",2813.87,,1424.62,662.45,,1046.48,1823.86,7771.28,108797.92,Barcelona,M,,,,,,x,,,,x,x,Portavoz Sustituto de la Junta de Portavoces
"Costa Palacios, María Angelina",2813.87,,,,,1046.48,1823.86,5684.21,79578.94,Córdoba,F,,,,,,,,,,x,,
"Cuadra Lasarte, Sabino",2813.87,,,,,1046.48,1823.86,5684.21,79578.94,Navarra,M,,,,,,,,,,x,x,
"Cunillera Mestres, Teresa",2813.87,944.49,818.46,677.35,,697.65,1823.86,7775.68,108859.52,Lleida,F,,,,x,,,,,x,,,
"De las Heras Ladera, Ascensión",2813.87,,,,,1046.48,870.56,4730.91,66232.74,Madrid,F,x,,,,,,,,,x,x,
"Delgado Arce, Celso Luis",2813.87,,,,,1431.31,1823.86,6069.04,84966.56,Ourense,M,,,,,,,x,,,,,
"Díez González, Rosa María",2813.87,,,,2667.5,1046.48,870.56,7398.41,103577.74,Madrid,F,x,,,,x,,,,,x,,
"Duran i Lleida, Josep Antoni",2813.87,,,,2667.5,1431.31,1823.86,8736.54,122311.56,Barcelona,M,,,,,x,,x,,,,,
"Durán Ramos, Eva",2813.87,,,,,1046.48,870.56,4730.91,66232.74,Madrid,F,x,,,,,,,x,,,,
"Echávarri Fernández, Gabriel",2813.87,,,,,1046.48,1823.86,5684.21,79578.94,Alicante,M,,,,,,,,x,x,,,
"Elorriaga Pisarik, Gabriel",2813.87,,,,,1431.31,870.56,5115.74,71620.36,Madrid,M,x,,,,,,x,,,,,
"Elorza González, Odón",2813.87,,,,,1046.48,1823.86,5684.21,79578.94,Gipuzkoa,M,,,,,,,,x,,,,
"Enbeita Maguregi, Onintza",2813.87,,,,,1046.48,1823.86,5684.21,79578.94,Bizkaia,F,,,,,,,,,,x,x,
"Errekondo Saltsamendi, Xabier Mikel",2813.87,,,,2087.07,1046.48,1823.86,7771.28,108797.92,Bizkaia,M,,,,,,x,,,,x,,Portavoz Sustituto de la Junta de Portavoces 
"Escobar Las Heras, Conrado",2813.87,,,,,1046.48,1823.86,5684.21,79578.94,La Rioja,M,,,,,,,,,,x,,
"Escudero Berzal, Beatriz Marta",2813.87,,,,,697.65,1823.86,5335.38,74695.32,Segovia,F,,,,,,,,,,,x,
"España Reina, Carolina",2813.87,,,,,1046.48,1823.86,5684.21,79578.94,Málaga,F,,,,,,,,,,x,,
"Esteban Bravo, Aitor",2813.87,,,,2667.5,1046.48,1823.86,8351.71,116923.94,Bizkaia,M,,,,,x,,,,,x,,
"Esteller Ruedas, Mª Ángeles",2813.87,,,,,1046.48,1823.86,5684.21,79578.94,Barcelona,F,,,,,,,,x,,,,
"Esteve Ortega, Esperança",2813.87,,,,,1046.48,1823.86,5684.21,79578.94,Barcelona,F,,,,,,,,,,x,,
"Fabra Fernández, Andrea",2813.87,,,,,1046.48,1823.86,5684.21,79578.94,Castellón,F,,,,,,,,,,x,,
"Fajarnés Ribas, Enrique",2813.87,,,,,1046.48,1823.86,5684.21,79578.94,Illes Balears,M,,,,,,,,,,x,,
"Falcón Dacal, Maravillas Concepción",2813.87,,,,,1046.48,1823.86,5684.21,79578.94,Albacete,F,,,,,,,,x,,,,
"Fernández-Ahuja García, María de los Ángeles",2813.87,,,,,697.65,1823.86,5335.38,74695.32,Asturias,F,,,,,,,,,x,,,
"Fernández Álvarez, Alejandro",2813.87,,,,,1046.48,1823.86,5684.21,79578.94,Tarragona,M,,,,,,,,,,x,,
"Fernández Davila, Mª Olaia",2813.87,,,,,1046.48,1823.86,5684.21,79578.94,Pontevedra,F,,,,,,,,,,x,x,
"Fernández García, Eduardo",2813.87,,,,,1046.48,1823.86,5684.21,79578.94,León,M,,,,,,,,x,,,,
"Fernández Moya, Gracia",2813.87,,,,,697.65,1823.86,5335.38,74695.32,Almería,F,,,,,,,,,x,,x,
"Ferrando Sendra, Amparo",2813.87,,,,,1046.48,1823.86,5684.21,79578.94,Alicante,F,,,,,,,,x,,,,
"Ferrer Roselló, Vicente",2813.87,,,,,1046.48,1823.86,5684.21,79578.94,Valencia,M,,,,,,,,,,x,,
"Figueres Górriz, María Ascensión",2813.87,,,,,697.65,1823.86,5335.38,74695.32,Castellón,F,,,,,,,,,,,x,
"Flores Lanuza, Mario Francisco José",2813.87,,,,,1046.48,1823.86,5684.21,79578.94,Alicante,M,,,,,,,,x,,,,
"Floriano Corrales, Carlos Javier",2813.87,,,,,1046.48,1823.86,5684.21,79578.94,Cáceres,M,,,,,,,,x,,,,
"Franquis Vera, Sebastián",2813.87,,,,,1046.48,1823.86,5684.21,79578.94,Las Palmas,M,,,,,,,,,,x,,
"Fumero Roque, Águeda",2813.87,,,,,697.65,1823.86,5335.38,74695.32,Santa Cruz de Tenerife,F,,,,,,,,,x,,,
"Gallego Arriola, María del Puerto",2813.87,,,,,1046.48,1823.86,5684.21,79578.94,Cantabria,F,,,,,,,,,x,x,,
"Gallego Burgos, Antonio",2813.87,,,,,1046.48,1823.86,5684.21,79578.94,Barcelona,M,,,,,,,,,,x,,
"García Álvarez, María Caridad",2813.87,,,,,1046.48,870.56,4730.91,66232.74,Madrid,F,x,,,,,,,,,x,x,
"García Díez, Joaquín María",2813.87,,,,,1046.48,1823.86,5684.21,79578.94,Lugo,M,,,,,,,,,,x,,
"García Egea, Teodoro",2813.87,,,,,1046.48,1823.86,5684.21,79578.94,Murcia,M,,,,,,,,,,x,,
"García Gasulla, Guillem",2813.87,,,,,697.65,1823.86,5335.38,74695.32,Illes Balears,M,,,,,,,,,x,,,
"García Hernández, José Ramón",2813.87,,,,,1046.48,870.56,4730.91,66232.74,Madrid,M,x,,,,,,,x,,,,
"García Pérez, Pablo",2813.87,,,,,697.65,1823.86,5335.38,74695.32,Granada,M,,,,,,,,,,,x,
"García Sena, Teresa",2813.87,,,,,697.65,1823.86,5335.38,74695.32,Valencia,F,,,,,,,,,x,,,
"García-Tizón López, Arturo",2813.87,,,,,1431.31,1823.86,6069.04,84966.56,Toledo,M,,,,,,,x,,,,,
"Garzón Espinosa, Alberto",2813.87,,,,,1046.48,1823.86,5684.21,79578.94,Málaga,M,,,,,,,,,,x,x,
"Gil Lázaro, Ignacio",2813.87,944.49,818.46,677.35,,697.65,1823.86,7775.68,108859.52,Valencia,M,,,,x,,,,,x,,,
"Girela de la Fuente, José Manuel",2813.87,,,,,697.65,1823.86,5335.38,74695.32,Sevilla,M,,,,,,,,,,,x,
"Gómez de la Serna y Villacieros, Pedro Ramón",2813.87,,,,,1046.48,1823.86,5684.21,79578.94,Segovia,M,,,,,,,,,,x,,
"Gómez Sánchez, Tomás Valeriano",2813.87,,,,,1046.48,870.56,4730.91,66232.74,Madrid,M,x,,,,,,,x,,,,
"González Cabaña, Francisco",2813.87,,,,,1046.48,1823.86,5684.21,79578.94,Cádiz,M,,,,,,,,,,x,x,
"González Gutiérrez, Concepción",2813.87,,,,,,1823.86,4637.73,64928.22,Cáceres,F,,,,,,,,,,,,
"González Muñoz, Ángel Luis",2813.87,,,,,697.65,1823.86,5335.38,74695.32,Málaga,M,,,,,,,,,,,x,
"González Ramos, Manuel Gabriel",2813.87,,,,,1046.48,1823.86,5684.21,79578.94,Albacete,M,,,,,,,,,x,x,,
"González Santín, María Luisa",2813.87,,,,,697.65,1823.86,5335.38,74695.32,León,F,,,,,,,,,x,,,
"González Vázquez, Marta",2813.87,,,,,1046.48,1823.86,5684.21,79578.94,A Coruña,F,,,,,,,,,,x,,
"González Vázquez, Sebastián",2813.87,,,,,1431.31,1823.86,6069.04,84966.56,Ávila,M,,,,,,,x,,,,,
"González Veracruz, María",2813.87,,,,,1046.48,1823.86,5684.21,79578.94,Murcia,F,,,,,,,,,,x,,
"Gordo Pérez, Juan Luis",2813.87,,,,,1046.48,1823.86,5684.21,79578.94,Segovia,M,,,,,,,,,,x,,
"Grande Pesquero, Pilar",2813.87,,,,,1046.48,1823.86,5684.21,79578.94,Las Palmas,F,,,,,,,,,,x,,
"Grau Reinés, Juan Carlos",2813.87,,,,,1046.48,1823.86,5684.21,79578.94,Illes Balears,M,,,,,,,,,,x,,
"Guaita Vañó, Inmaculada",2813.87,,,,,,1823.86,4637.73,64928.22,Valencia,F,,,,,,,,,,,,
"Guerra González, Alfonso",2813.87,,,,,1431.31,1823.86,6069.04,84966.56,Sevilla,M,,,,,,,x,,,,,
"Guillaumes i Ràfols, Feliu-Joan",2813.87,,,,,1046.48,1823.86,5684.21,79578.94,Barcelona,M,,,,,,,,,,x,x,
"Guillén Izquierdo, Vicente",2813.87,,,,,697.65,1823.86,5335.38,74695.32,Teruel,M,,,,,,,,,x,,x,
"Gutiérrez del Castillo, María Concepción",2813.87,,,,,1046.48,1823.86,5684.21,79578.94,Jaén,F,,,,,,,,x,,,,
"Gutiérrez Molina, Antonio",2813.87,,,,,1046.48,1823.86,5684.21,79578.94,Melilla,M,,,,,,,,x,,,,
"Heredia Díaz, Miguel Ángel",2813.87,0,0,0,2087.07,0,1823.86,6724.8,94147.2,Málaga,M,,,,,,x,,,,,,Portavoz Sustituto de la Junta de Portavoces
"Heredia Martín, Silvia",2813.87,0,0,0,0,697.65,1823.86,5335.38,74695.32,Sevilla,F,,,,,,,,,x,,,
"Hernández Gutiérrez, Patricia",2813.87,0,0,0,0,697.65,1823.86,5335.38,74695.32,Santa Cruz de Tenerife,F,,,,,,,,,x,,x,
"Hernando Fraile, Rafael Antonio",2813.87,0,0,0,2087.07,0,1823.86,6724.8,94147.2,Almería,M,,,,,,x,,,,,,Portavoz Sustituto de la Junta de Portavoces
"Hernando Vera, Antonio",2813.87,0,0,0,2667.5,0,870.56,6351.93,88927.02,Madrid,M,x,,,,x,,,,,,,
"Hernanz Costa, Sofía",2813.87,0,0,0,2087.07,0,1823.86,6724.8,94147.2,Illes Balears,F,,,,,,x,,,,,,Portavoz Sustituto de la Junta de Portavoces
"Herrero Bono, José Alberto",2813.87,0,0,0,0,0,1823.86,4637.73,64928.22,Teruel,M,,,,,,,,,,,,
"Hoyo Juliá, Belén",2813.87,0,0,0,0,697.65,1823.86,5335.38,74695.32,Valencia,F,,,,,,,,,x,,,
"Hurtado Zurera, Antonio",2813.87,0,0,0,0,697.65,1823.86,5335.38,74695.32,Córdoba,M,,,,,,,,,,,x,
"Ibáñez Gimeno, Manuel",2813.87,,,,,,1823.86,4637.73,64928.22,Castellón,M,,,,,,,,,,,,
"Iglesias Fontal, María Olga",2813.87,,,,,697.65,1823.86,5335.38,74695.32,Lugo,F,,,,,,,,,,,x,
"Iglesias Santiago, Leire",2813.87,,,,,1046.48,1823.86,5684.21,79578.94,Cáceres,F,,,,,,,,,,x,,
"Iñarritu García, Jon",2813.87,,,,,1046.48,1823.86,5684.21,79578.94,Bizkaia,M,,,,,,,,,,x,x,
"Jané i Guasch, Jordi",2813.87,1209.6,1010.83,707.1,,1046.48,1823.86,8611.74,120564.36,Tarragona,M,,,x,,,,,,,x,x,
"Jiménez Díaz, María Piedra Escrita",2813.87,,,,,,1823.86,4637.73,64928.22,Badajoz,F,,,,,,,,,,,,
"Jiménez García-Herrera, Trinidad",2813.87,,,,,1046.48,1823.86,5684.21,79578.94,Málaga,F,,,,,,,,,,x,,
"Jiménez Mínguez, Encarnación",2813.87,,,,,697.65,1823.86,5335.38,74695.32,Guadalajara,F,,,,,,,,,,,x,
"Jordà i Roura, Teresa",2813.87,,,,,1046.48,1823.86,5684.21,79578.94,Girona,F,,,,,,,,,,x,x,
"Juste Picón, María Belén",2813.87,,,,,1046.48,1823.86,5684.21,79578.94,Valencia,F,,,,,,,,x,,,,
"Lagares Flores, Juan Carlos",2813.87,,,,,1046.48,1823.86,5684.21,79578.94,Huelva,M,,,,,,,,x,,,,
"Lago Martínez, María Paz",2813.87,,,,,697.65,1823.86,5335.38,74695.32,Pontevedra,F,,,,,,,,,x,,,
"Landaluce Calleja, José Ignacio",2813.87,,,,,1046.48,1823.86,5684.21,79578.94,Cádiz,M,,,,,,,,x,,,,
"Lara Carbó, María Teresa de",2813.87,,,,,1046.48,870.56,4730.91,66232.74,Madrid,F,x,,,,,,,,,x,,
"Lara Moya, Cayo",2813.87,,,,2667.5,,870.56,6351.93,88927.02,Madrid,M,x,,,,x,,,,,,,
"Larreina Valderrama, Rafael",2813.87,,,,,1046.48,1823.86,5684.21,79578.94,Gipuzkoa,M,,,,,,,,,,x,x,
"Lavilla Martínez, Félix",2813.87,,,,,697.65,1823.86,5335.38,74695.32,Soria,M,,,,,,,,,x,,,
"Llamazares Trigo, Gaspar",2813.87,,1424.62,662.45,,1431.31,1823.86,8156.11,114185.54,Asturias,M,,,,,,x,x,,,x,x,Portavoz Sustituto de la Junta de Portavoces
"Llorens Torres, José Ignacio",2813.87,,,,,1431.31,1823.86,6069.04,84966.56,Lleida,M,,,,,,,x,,,,,
"López-Amor García, Fernando",2813.87,,,,,1046.48,1823.86,5684.21,79578.94,Córdoba,M,,,,,,,,x,,,,
"López Garrido, Diego",2813.87,,,,,1046.48,870.56,4730.91,66232.74,Madrid,M,x,,,,,,,,,x,,
"López Garrido, José",2813.87,,,,,697.65,1823.86,5335.38,74695.32,Alicante,M,,,,,,,,,,,x,
"López González, Rocío",2813.87,,,,,697.65,1823.86,5335.38,74695.32,Toledo,F,,,,,,,,,,,x,
"López i Chamosa, María Isabel",2813.87,,,,,1046.48,1823.86,5684.21,79578.94,Barcelona,F,,,,,,,,,x,x,,
"López Vilaboa, José Máximo",2813.87,,,,,,1823.86,4637.73,64928.22,Burgos,M,,,,,,,,,,,,
"Lozano Domingo, Irene",2813.87,,,,,1046.48,870.56,4730.91,66232.74,Madrid,F,x,,,,,,,,,x,,
"Lucio Carrasco, María Pilar",2813.87,,,,,1046.48,1823.86,5684.21,79578.94,Cáceres,F,,,,,,,,,,x,,
"Luena López, César",2813.87,,,,,1046.48,1823.86,5684.21,79578.94,La Rioja,M,,,,,,,,x,,,,
"Luis Rodríguez, Teófilo de",2813.87,944.49,818.46,677.35,,0,870.56,6124.73,85746.22,Madrid,M,x,,,x,,,,,,,,
"Macias i Arau, Pere",2813.87,,,,2087.07,1431.31,1823.86,8156.11,114185.54,Barcelona,M,,,,,,x,x,,x,x,,Portavoz Sustituto de la Junta de Portavoces
"Madina Muñoz, Eduardo",2813.87,,,,,1046.48,1823.86,5684.21,79578.94,Bizkaia,M,,,,,,,,x,,,,
"Madrazo Díaz, Ana María",2813.87,,,,,1046.48,1823.86,5684.21,79578.94,Cantabria,F,,,,,,,,,,x,,
"Marcos Domínguez, Pilar",2813.87,,,,,697.65,870.56,4382.08,61349.12,Madrid,F,x,,,,,,,,x,,,
"Mariscal Anaya, Guillermo",2813.87,,,,,1046.48,1823.86,5684.21,79578.94,Las Palmas,M,,,,,,,,,,x,,
"Márquez de la Rubia, Francisco",2813.87,,,,,697.65,1823.86,5335.38,74695.32,Ceuta,M,,,,,,,,,,,x,
"Martínez Ferro, María Valentina",2813.87,,,,,,870.56,3684.43,51582.02,Madrid,F,x,,,,,,,,,,,
"Martínez Gorriarán, Carlos",2813.87,,,,2087.07,1046.48,870.56,6817.98,95451.72,Madrid,M,x,,,,,x,,,,x,,Portavoz Sustituto de la Junta de Portavoces
"Martínez Olmos, José",2813.87,,,,,1046.48,1823.86,5684.21,79578.94,Granada,M,,,,,,,,,,x,,
"Martínez-Pujalte López, Vicente",2813.87,,,,,1046.48,1823.86,5684.21,79578.94,Murcia,M,,,,,,,,,,x,,
"Martínez Rodríguez, Santiago",2813.87,,,,,697.65,1823.86,5335.38,74695.32,Alicante,M,,,,,,,,,,,x,
"Martínez Saiz, Teófila",2813.87,,,,,1046.48,1823.86,5684.21,79578.94,Cádiz,F,,,,,,,,x,,,,
"Martín González, María Guadalupe",2813.87,,,,,697.65,1823.86,5335.38,74695.32,Toledo,F,,,,,,,,,,,x,
"Martín González, Telmo",2813.87,,,,,1046.48,1823.86,5684.21,79578.94,Pontevedra,M,,,,,,,,x,,,,
"Martín Peré, Pablo",2813.87,,,,,1046.48,1823.86,5684.21,79578.94,Illes Balears,M,,,,,,,,,,x,x,
"Martín Pozo, María Teresa",2813.87,,,,,697.65,1823.86,5335.38,74695.32,Zamora,F,,,,,,,,,,,x,
"Martín Rodríguez, Enrique Luis",2813.87,,,,,697.65,1823.86,5335.38,74695.32,Palencia,M,,,,,,,,,,,x,
"Martín-Toledano Suárez, José Alberto",2813.87,,,,,697.65,1823.86,5335.38,74695.32,Ciudad Real,M,,,,,,,,,,,x,
"Matarí Sáez, Juan José",2813.87,,,,,1046.48,1823.86,5684.21,79578.94,Almería,M,,,,,,,,,,x,,
"Matos Mascareño, Pablo",2813.87,,,,,1431.31,1823.86,6069.04,84966.56,Santa Cruz de Tenerife,M,,,,,,,x,,,,,
"Meijón Couselo, Guillermo Antonio",2813.87,,,,,697.65,1823.86,5335.38,74695.32,Pontevedra,M,,,,,,,,,,,x,
"Méndez Monasterio, Lourdes",2813.87,,,,,1431.31,1823.86,6069.04,84966.56,Murcia,F,,,,,,,x,,,,,
"Merino López, Rafael",2813.87,,,,,,1823.86,4637.73,64928.22,Córdoba,M,,,,,,,,,,,,
"Micheo Carrillo-Albornoz, Julia de",2813.87,,,,,1046.48,1823.86,5684.21,79578.94,Alicante,F,,,,,,,,x,,,,
"Miguélez Pariente, María Aránzazu",2813.87,,,,,697.65,1823.86,5335.38,74695.32,León,F,,,,,,,,,,,x,
"Mingo Zapatero, Mario",2813.87,,,,,1431.31,870.56,5115.74,71620.36,Madrid,M,x,,,,,,x,,,,,
"Molinero Hoyos, Francisco",2813.87,,,,,697.65,1823.86,5335.38,74695.32,Albacete,M,,,,,,,,,x,,,
"Moneo Díez, María Sandra",2813.87,,,,,1046.48,1823.86,5684.21,79578.94,Burgos,F,,,,,,,,,,x,,
"Monteserín Rodríguez, María Virtudes",2813.87,,,,,1046.48,1823.86,5684.21,79578.94,Asturias,F,,,,,,,,,,x,,
"Montesinos de Miguel, Macarena",2813.87,,,,,1046.48,1823.86,5684.21,79578.94,Alicante,F,,,,,,,,,,x,,
"Montón Giménez, Carmen",2813.87,,,,,1046.48,1823.86,5684.21,79578.94,Valencia,F,,,,,,,,,,x,,
"Montserrat Montserrat, Dolors",2813.87,1209.6,1010.83,707.1,,0,1823.86,7565.26,105913.64,Barcelona,F,,,x,,,,,,,,,
"Mora Bernat, Manuel",2813.87,,,,,697.65,1823.86,5335.38,74695.32,Huesca,M,,,,,,,,,x,,,
"Moragas Sánchez, Jorge",2813.87,,,,,0,1823.86,4637.73,64928.22,Barcelona,M,,,,,,,,,,,,
"Moraleja Gómez, Tristana María",2813.87,,,,,697.65,1823.86,5335.38,74695.32,A Coruña,F,,,,,,,,,,,x,
"Moreno Bustos, Ramón",2813.87,,,,,1046.48,1823.86,5684.21,79578.94,Zaragoza,M,,,,,,,,,,x,,
"Moreno Felipe, Irene",2813.87,,,,,0,1823.86,4637.73,64928.22,Albacete,F,,,,,,,,,,,,
"Moreno Palanques, Rubén",2813.87,,,,,1046.48,1823.86,5684.21,79578.94,Valencia,M,,,,,,,,,,x,,causó baja el 5 de diciembre. Sustituido por María Martín Revuelta 
"Morlán Gracia, Víctor",2813.87,0,0,0,0,1046.48,1823.86,5684.21,79578.94,Huesca,M,,,,,,,,x,,,,
"Moro Almaraz, María Jesús",2813.87,0,0,0,0,1046.48,1823.86,5684.21,79578.94,Salamanca,F,,,,,,,,,,x,,
"Moscoso del Prado Hernández, Juan",2813.87,0,0,0,0,1046.48,1823.86,5684.21,79578.94,Navarra,M,,,,,,,,,,x,,
"Muñoz González, Pedro José",2813.87,0,0,0,0,1046.48,1823.86,5684.21,79578.94,Ávila,M,,,,,,,,x,,,,
"Muñoz Obón, Carlos Enrique",2813.87,0,0,0,0,0,1823.86,4637.73,64928.22,Teruel,M,,,,,,,,,,,,
"Muñoz Santamaría, Lourdes",2813.87,0,0,0,0,697.65,1823.86,5335.38,74695.32,Barcelona,F,,,,,,,,,,,x,
"Nasarre Goicoechea, Eugenio",2813.87,,,,,1046.48,1823.86,5684.21,79578.94,Granada,M,,,,,,,,x,,,,
"Navarro Cruz, María del Carmen",2813.87,,,,,1046.48,1823.86,5684.21,79578.94,Almería,F,,,,,,,,,,x,,
"Nuet Pujals, Joan Josep",2813.87,,,,2087.07,1046.48,1823.86,7771.28,108797.92,Barcelona,M,,,,,,x,,,,x,x,Portavoz Sustituto de la Junta de Portavoces
"Olabarría Muñoz, Emilio",2813.87,,,,,1431.31,1823.86,6069.04,84966.56,Álava,M,,,,,,,x,,,x,,
"Olano Vela, Jaime Eduardo de",2813.87,,,,,697.65,1823.86,5335.38,74695.32,Lugo,M,,,,,,,,,,,x,
"Oramas González-Moro, Ana María",2813.87,,,,,1046.48,1823.86,5684.21,79578.94,Santa Cruz de Tenerife,F,,,,,,,,,,x,x,
"Ordóñez Puime, Gonzalo José",2813.87,,,,,0,1823.86,4637.73,64928.22,Pontevedra,M,,,,,,,,,,,,
"Ortiz Castellví, Laia",2813.87,,,,,1046.48,1823.86,5684.21,79578.94,Barcelona,F,,,,,,,,,,x,x,
"Pacheco Atienza, Arsenio",2813.87,,,,,697.65,1823.86,5335.38,74695.32,Murcia,M,,,,,,,,,x,,,
"Pàramo i Ponsetí, Carles",2813.87,,,,,1046.48,1823.86,5684.21,79578.94,Girona,M,,,,,,,,,,x,x,
"Pastor González, Ildefonso R.",2813.87,,,,,697.65,1823.86,5335.38,74695.32,Valladolid,M,,,,,,,,,,,x,
"Pérez Domínguez, María Soledad",2813.87,,,,,1046.48,1823.86,5684.21,79578.94,Badajoz,F,,,,,,,,x,,,,
"Pérez Fernández, Rosana",2813.87,,,,,1046.48,1823.86,5684.21,79578.94,A Coruña,F,,,,,,,,,,x,x,
"Pérez Herraiz, Margarita",2813.87,,,,,697.65,1823.86,5335.38,74695.32,Lugo,F,,,,,,,,,,,x,
"Pérez-Hickman Silván, Mariano",2813.87,,,,,697.65,870.56,4382.08,61349.12,Madrid,M,x,,,,,,,,x,,,
"Pérez Insua, Antonio",2813.87,,,,,697.65,1823.86,5335.38,74695.32,A Coruña,M,,,,,,,,,,,x,
"Pérez Lapazarán, José Cruz",2813.87,,,,,1046.48,1823.86,5684.21,79578.94,Navarra,M,,,,,,,,,,x,,
"Pezzi Cereto, Manuel",2813.87,,,,,1046.48,1823.86,5684.21,79578.94,Granada,M,,,,,,,,,,x,,
"Picó i Azanza, Antoni",2813.87,,,,,1046.48,1823.86,5684.21,79578.94,Barcelona,M,,,,,,,,,,x,x,
"Posada Moreno, Jesús",2813.87,3064.57,3327.89,2728.57,,1431.31,1823.86,15190.07,212660.98,Soria,M,,x,,,,,x,,,,,
"Pozuelo Meño, María Isabel",2813.87,,,,,697.65,1823.86,5335.38,74695.32,Sevilla,F,,,,,,,,,,,x,
"Prada Presa, Alfredo",2813.87,,,,,1431.31,1823.86,6069.04,84966.56,León,M,,,,,,,x,,,,,
"Pradas Torres, Antonio Francisco",2813.87,,,,,1046.48,1823.86,5684.21,79578.94,Sevilla,M,,,,,,,,,,x,,
"Puche Rodríguez-Acosta, Gabino",2813.87,,,,,1431.31,1823.86,6069.04,84966.56,Jaén,M,,,,,,,x,,,,,
"Puente Redondo, Javier",2813.87,,,,,697.65,1823.86,5335.38,74695.32,Cantabria,M,,,,,,,,,,,x,
"Puig Ferrer, Joaquín Francisco",2813.87,,,,,1046.48,1823.86,5684.21,79578.94,Castellón,M,,,,,,,,,,x,,
"Puyuelo del Val, María Blanca",2813.87,,,,,697.65,1823.86,5335.38,74695.32,Huesca,F,,,,,,,,,x,,,
"Quevedo Iturbe, Pedro",2813.87,,,,,1046.48,1823.86,5684.21,79578.94,Las Palmas,M,,,,,,,,,,x,x,
"Quintanilla Barba, María del Carmen",2813.87,,,,,1431.31,1823.86,6069.04,84966.56,Ciudad Real,F,,,,,,,x,,,,,
"Ramis Socias, Miquel",2813.87,,,,,1431.31,1823.86,6069.04,84966.56,Illes Balears,M,,,,,,,x,,,,,
"Ramón Utrabo, Elvira",2813.87,,,,,697.65,1823.86,5335.38,74695.32,Granada,F,,,,,,,,,x,,x,
"Rangel Tarrés, Joan",2813.87,,,,,1046.48,1823.86,5684.21,79578.94,Barcelona,M,,,,,,,,,,x,,
"Riera i Reñé, Inmaculada",2813.87,,,,,1046.48,1823.86,5684.21,79578.94,Barcelona,F,,,,,,,,,,x,x,
"Rocha Rubí, Manuel de la",2813.87,,,,,697.65,870.56,4382.08,61349.12,Madrid,M,x,,,,,,,,,,x,
"Rodríguez Barahona, María Teresa",2813.87,,,,,697.65,1823.86,5335.38,74695.32,Álava,F,,,,,,,,,,,x,
"Rodríguez Flores, María Carmen",2813.87,,,,,,870.56,3684.43,51582.02,Madrid,F,x,,,,,,,,,,,
"Rodríguez García, Isabel",2813.87,,,,2087.07,697.65,1823.86,7422.45,103914.3,Ciudad Real,F,,,,,,x,,,x,,,Portavoz Sustituto de la Junta de Portavoces
"Rodríguez Maniega, María del Carmen",2813.87,,,,,1046.48,1823.86,5684.21,79578.94,Asturias,F,,,,,,,,x,,,,
"Rodríguez Ramírez, María José",2813.87,,,,,697.65,1823.86,5335.38,74695.32,Huelva,F,,,,,,,,,x,,x,
"Rodríguez Ramos, María Soraya",2813.87,,,,,1046.48,1823.86,5684.21,79578.94,Valladolid,F,,,,,,,,x,,,,
"Rodríguez-Salmones Cabeza, Beatriz",2813.87,,,,2087.07,,870.56,5771.5,80801,Madrid,F,x,,,,,x,,,,,,Portavoz Sustituto de la Junta de Portavoces
"Rodríguez Sánchez, Germán",2813.87,,,,,1046.48,1823.86,5684.21,79578.94,Barcelona,M,,,,,,,,,x,x,,
"Rodríguez Sánchez, María Felicidad",2813.87,,,,,697.65,1823.86,5335.38,74695.32,Cádiz,F,,,,,,,,,,,x,
"Rodríguez Vázquez, María Paloma",2813.87,,,,,697.65,1823.86,5335.38,74695.32,A Coruña,F,,,,,,,,,,,x,
"Román Jasanada, Antonio",2813.87,,,,,1046.48,1823.86,5684.21,79578.94,Guadalajara,M,,,,,,,,x,,,,
"Romero Girón, Aurelio",2813.87,,,,,1431.31,1823.86,6069.04,84966.56,Cádiz,M,,,,,,,x,,,,,
"Romero Hernández, Carmelo",2813.87,,,,,697.65,1823.86,5335.38,74695.32,Huelva,M,,,,,,,,,x,,,
"Romero Rodríguez, María Eugenia",2813.87,,,,,697.65,1823.86,5335.38,74695.32,Sevilla,F,,,,,,,,,,,x,
"Romero Sánchez, Rosa María",2813.87,,,,,1046.48,1823.86,5684.21,79578.94,Ciudad Real,F,,,,,,,,x,,,,
"Rominguera Salazar, María del Mar",2813.87,,,,,697.65,1823.86,5335.38,74695.32,Zamora,F,,,,,,,,,x,,,
"Ros Martínez, Susana",2813.87,,,,,697.65,1823.86,5335.38,74695.32,Castellón,F,,,,,,,,,,,x,
"Ruano Gómez, Juan de Dios",2813.87,,,,,1046.48,1823.86,5684.21,79578.94,A Coruña,M,,,,,,,,,,x,,
"Ruiz i Carbonell, Joan",2813.87,,,,,697.65,1823.86,5335.38,74695.32,Tarragona,M,,,,,,,,,x,,,
"Ruiz Llamas, Román",2813.87,,,,,1046.48,1823.86,5684.21,79578.94,Barcelona,M,,,,,,,,x,,,x,
"Rumí Ibáñez, María Consuelo",2813.87,,,,,1046.48,1823.86,5684.21,79578.94,Almería,F,,,,,,,,,,x,,
"Sáez Jubero, Àlex",2813.87,,,,,697.65,1823.86,5335.38,74695.32,Girona,M,,,,,,,,,,,x,
"Sahuquillo García, Luis Carlos",2813.87,,,,,697.65,1823.86,5335.38,74695.32,Cuenca,M,,,,,,,,,,,x,
"Salvador Armendáriz, Carlos Casimiro",2813.87,,,,,1046.48,1823.86,5684.21,79578.94,Navarra,M,,,,,,,,,,x,x,
"Sánchez Amor, José Ignacio",2813.87,,,,,697.65,1823.86,5335.38,74695.32,Badajoz,M,,,,,,,,,,,x,
"Sánchez Barrera, José Juan",2813.87,,,,,0,1823.86,4637.73,64928.22,Jaén,M,,,,,,,,,,,,
"Sánchez de Alcázar Ocaña, Miguel",2813.87,,,,,697.65,1823.86,5335.38,74695.32,Jaén,M,,,,,,,,,x,,,
"Sánchez Díaz, María Carmen",2813.87,,,,,1046.48,1823.86,5684.21,79578.94,Cádiz,F,,,,,,,,x,,,,
"Sánchez Díaz, Ovidio",2813.87,,,,,1431.31,1823.86,6069.04,84966.56,Asturias,M,,,,,,,x,,,,,
"Sánchez García, Celinda",2813.87,,,,,1046.48,1823.86,5684.21,79578.94,Palencia,F,,,,,,,,x,,,,
"Sánchez i Llibre, Josep",2813.87,,,662.45,1424.62,1046.48,1823.86,7771.28,108797.92,Barcelona,M,,,,,,x,,,,x,x,Portavoz Sustituto de la Junta de Portavoces
"Sánchez Pérez-Castejón, Pedro",2813.87,,,,,0,870.56,3684.43,51582.02,Madrid,M,x,,,,,,,,,,,
"Sánchez Robles, Isabel",2813.87,,,,,1046.48,1823.86,5684.21,79578.94,Bizkaia,F,,,,,,,,,,x,,
"Santa Ana Fernández, María de la Concepción de",2813.87,,,,,697.65,1823.86,5335.38,74695.32,Granada,F,,,,,,,,,,,x,
"Sanz Remón, Álvaro",2813.87,,,,,1046.48,1823.86,5684.21,79578.94,Zaragoza,M,,,,,,,,,,x,x,
"Saura García, Pedro",2813.87,,,,,1046.48,1823.86,5684.21,79578.94,Murcia,M,,,,,,,,,,x,,
"Sayós i Motilla, Maria Carme",2813.87,,,,,1046.48,1823.86,5684.21,79578.94,Barcelona,F,,,,,,,,,,x,x,
"Seara Sobrado, Laura Carmen",2813.87,,,,,1046.48,1823.86,5684.21,79578.94,Ourense,F,,,,,,,,,,x,x,
"Segura Clavell, José",2813.87,,,,,1046.48,1823.86,5684.21,79578.94,Santa Cruz de Tenerife,M,,,,,,,,,,x,,
"Serrano Argüello, María Arenales",2813.87,,,,,1046.48,1823.86,5684.21,79578.94,Valladolid,F,,,,,,,,,,x,,
"Serrano Calurano, Bibiano",2813.87,,,,,697.65,1823.86,5335.38,74695.32,Badajoz,M,,,,,,,,,,,x,
"Serrano Coronado, Daniel",2813.87,,,,,1046.48,1823.86,5684.21,79578.94,Barcelona,M,,,,,,,,,,x,,
"Serrano Martínez, José Enrique",2813.87,,,,,1046.48,870.56,4730.91,66232.74,Madrid,M,x,,,,,,,x,,,,
"Sicilia Alférez, Felipe Jesús",2813.87,,,,,697.65,1823.86,5335.38,74695.32,Jaén,M,,,,,,,,,,,x,
"Silva Rego, María del Carmen",2813.87,944.49,818.46,677.35,,697.65,1823.86,7775.68,108859.52,Pontevedra,F,,,,x,,,,,x,,,
"Simancas Simancas, Rafael",2813.87,0,0,0,0,1046.48,870.56,4730.91,66232.74,Madrid,M,x,,,,,,,,,x,,
"Sixto Iglesias, Ricardo",2813.87,0,0,0,0,1046.48,1823.86,5684.21,79578.94,Valencia,M,,,,,,,,,,x,x,
"Solsona Aixalà, Marc",2813.87,0,0,0,0,1046.48,1823.86,5684.21,79578.94,Lleida,M,,,,,,,,,x,x,x,
"Suárez-Bárcena Blasco, María Cristina",2813.87,0,0,0,0,0,1823.86,4637.73,64928.22,Badajoz,F,,,,,,,,,,,,
"Suárez Lamata, Eloy",2813.87,0,0,0,0,1046.48,1823.86,5684.21,79578.94,Zaragoza,M,,,,,,,,,,x,,
"Such Botella, Antoni",2813.87,0,0,0,0,697.65,1823.86,5335.38,74695.32,Valencia,M,,,,,,,,,,,x,
"Sumelzo Jordán, Susana",2813.87,0,0,0,0,1046.48,1823.86,5684.21,79578.94,Zaragoza,F,,,,,,,,,,x,,
"Surroca i Comas, Montserrat",2813.87,0,0,0,0,1046.48,1823.86,5684.21,79578.94,Girona,F,,,,,,,,,,x,x,
"Susinos Tarrero, María Jesús",2813.87,0,0,0,0,697.65,1823.86,5335.38,74695.32,Cantabria,F,,,,,,,,,,,x,
"Tardà i Coma, Joan",2813.87,0,0,0,0,1046.48,1823.86,5684.21,79578.94,Barcelona,M,,,,,,,,,,x,x,
"Tarno Blanco, Ricardo",2813.87,0,0,0,0,1431.31,1823.86,6069.04,84966.56,Sevilla,M,,,,,,,x,,,,,
"Tarruella Tomás, María Concepció",2813.87,0,0,0,0,1046.48,1823.86,5684.21,79578.94,Lleida,F,,,,,,,,,,x,x,
"Torrado de Castro, Marta",2813.87,0,0,662.45,1424.62,0,1823.86,6724.8,94147.2,Valencia,F,,,,,,x,,,,,,Portavoz Sustituto de la Junta de Portavoces
"Torres Herrera, Manuel Luis",2813.87,0,0,0,0,697.65,1823.86,5335.38,74695.32,Santa Cruz de Tenerife,M,,,,,,,,,x,,,
"Torres Mora, José Andrés",2813.87,0,0,0,0,1046.48,1823.86,5684.21,79578.94,Málaga,M,,,,,,,,,,x,,
"Trevín Lombán, Antonio Ramón María",2813.87,0,0,0,0,1046.48,1823.86,5684.21,79578.94,Asturias,M,,,,,,,,,,x,,
"Tudanca Fernández, Luis",2813.87,0,0,0,0,697.65,1823.86,5335.38,74695.32,Burgos,M,,,,,,,,,x,,x,
"Urbina Fernández, Iker",2813.87,,,,,1046.48,1823.86,5684.21,79578.94,Álava,M,,,,,,,,,,x,,
"Uriarte Ayala, Ignacio",2813.87,,,,,697.65,1823.86,5335.38,74695.32,Valencia,M,,,,,,,,,,,x,
"Valerio Cordero, Magdalena",2813.87,0,0,662.45,1424.62,0,1823.86,6724.8,94147.2,Guadalajara,F,,,,,,x,,,,,,Portavoz Sustituto de la Junta de Portavoces
"Vallès Vives, Francesc",2813.87,0,0,662.45,1424.62,0,1823.86,6724.8,94147.2,Tarragona,M,,,,,,x,,,,,,Portavoz Sustituto de la Junta de Portavoces
"Vañó Ferre, Francisco",2813.87,0,0,0,0,1046.48,1823.86,5684.21,79578.94,Toledo,M,,,,,,,,,,x,,
"Varela Lema, Margarita",2813.87,,,,,0,1823.86,4637.73,64928.22,A Coruña,F,,,,,,,,,,,,
"Vázquez Blanco, Ana Belén",2813.87,0,0,0,0,1046.48,1823.86,5684.21,79578.94,Ourense,F,,,,,,,,x,,,,
"Vázquez Jiménez, Antonio",2813.87,0,0,0,0,1046.48,1823.86,5684.21,79578.94,Zamora,M,,,,,,,,x,,,,
"Vázquez Morillo, María José",2813.87,0,0,0,0,697.65,1823.86,5335.38,74695.32,Sevilla,F,,,,,,,,,,,x,
"Vera Pró, Juan Carlos",2813.87,0,0,0,0,1046.48,870.56,4730.91,66232.74,Madrid,M,x,,,,,,,x,,,,
"Veray Cama, Concepció",2813.87,0,0,0,0,697.65,1823.86,5335.38,74695.32,Girona,F,,,,,,,,,,,x,
"Viera Chacón, José Antonio",2813.87,0,0,0,0,1046.48,1823.86,5684.21,79578.94,Sevilla,M,,,,,,,,x,,,,
"Villalobos Talero, Celia",2813.87,1209.6,1010.83,707.10,0,1046.48,1823.86,8611.74,120564.36,Málaga,F,,,x,,,,,x,,,,
"Villanova Rueda, Joaquín",2813.87,0,,0,0,697.65,1823.86,5335.38,74695.32,Málaga,M,,,,,,,,,,,x,
"Villarrubia Mediavilla, Julio",2813.87,0,0,0,0,1046.48,1823.86,5684.21,79578.94,Palencia,M,,,,,,,,x,,,,
"Xuclà i Costa, Jordi",2813.87,0,0,0,0,1046.48,1823.86,5684.21,79578.94,Girona,M,,,,,,,,,,x,x,
"Zaragoza Alonso, José",2813.87,0,,0,0,697.65,1823.86,5335.38,74695.32,Barcelona,M,,,,,,,,,,,x,
"Zarrías Arévalo, Gaspar Carlos",2813.87,,0,0,0,1046.48,1823.86,5684.21,79578.94,Jaén,M,,,,,,,,x,,,,
